RSSD_bhc,BHC,EstDt,EndDt,TicNew
5009026,"BANCORP 34, INC.",10/12/2016,,BCTF
5009204,"OTTAWA BANCORP, INC.",10/12/2016,,OTTW
3816640,ALAMOGORDO FINANCIAL CORP,10/11/2016,,
4947541,"MILLENNIUM BANCSHARES, INC.",10/1/2016,,
5010844,"FREEDOM BANCORP, INC.",9/30/2016,,
4978518,BBN FINANCIAL CORPORATION,9/14/2016,,
5015269,"DCB BANCSHARES, INC.",9/1/2016,,DCBB
5006472,"ADAGE, LLC",8/25/2016,,
4991076,"SMITH & HOOD HOLDING COMPANY, L.L.C.",8/19/2016,,
4986595,"CAROLINA TRUST BANCSHARES, INC.",8/16/2016,,CART
5009147,"SAINTS AVENUE BANCSHARES, INC.",8/16/2016,,
4935502,"COUNTY BANCSHARES, INC.",8/13/2016,,
5010367,CBBC BANCORP,8/11/2016,,CBBC
5010134,HANOVER BANCORP INC.,8/10/2016,,
4975049,"SOUTHPOINT BANCSHARES, INC.",8/5/2016,,
4993173,"FAYETTE BANCSHARES, INC.",8/1/2016,,
5005626,"MINT HOLDINGS, INC., THE",8/1/2016,,
4981648,"MARQUIS BANCORP, INC.",7/29/2016,,
4557892,"MID ILLINOIS BANCORP, INC. EMPLOYEE STOC",7/25/2016,,
1243000,PHILIPPINE NATIONAL BANK,7/22/2016,8/31/1999,
4974293,"AMERI FINANCIAL GROUP, INC.",7/16/2016,,
4977397,"MAINSTREET BANCSHARES, INC.",7/15/2016,,MNSB
4974631,"WCF BANCORP, INC.",7/13/2016,,WCFB
4968368,ASCENT BANCORP,7/8/2016,,
4974453,BANK OF CENTRAL FLORIDA HOLDING COMPANY,7/1/2016,,
5034792,MIZUHO AMERICAS LLC,7/1/2016,,MFG
4949303,PARKWAY ACQUISITION CORP,7/1/2016,,
4935490,ROYAL ACQUISITION LLC,7/1/2016,7/8/2016,
4989000,VALLEY REPUBLIC BANCORP,7/1/2016,,VLLX
4973353,"HARBORONE BANCORP, INC.",6/30/2016,,HONE
4973362,HARBORONE MUTUAL BANCSHARES,6/30/2016,,
4974257,"BEST HOMETOWN BANCORP, INC.",6/29/2016,,
2714851,PIRAEUS BANK S.A.,6/24/2016,10/15/2012,
4953337,"BANC3 HOLDINGS, INC",6/7/2016,,
4980409,OP BANCORP,6/1/2016,,OPBK
4977342,"PARADISE BANCORP, INC.",5/16/2016,,
4873033,"HAVILAND BANCSHARES, INC. EMPLOYEE STOCK",5/6/2016,,
4896377,"WCSB HOLDING COMPANY, INC.",5/2/2016,,
5006575,BARCLAYS US LLC,4/27/2016,,
5005998,BANCWEST CORPORATION,4/1/2016,,
4989420,BANCWEST HOLDING INC.,4/1/2016,,
4970268,C3 BANCORP,4/1/2016,,
4839310,"NORMANGEE BANCSHARES, INC.",4/1/2016,,
4933339,"PENTUCKET BANCORP, INC.",4/1/2016,,
4933320,"PENTUCKET BANK HOLDINGS, MHC",4/1/2016,,
4795863,"CB EDINBURG HOLDINGS, INC.",3/28/2016,,
4880358,CITIZENS BUILDING AND LOAN MHC,3/11/2016,,
4928344,"STONE BANCSHARES, INC.",3/9/2016,,
4935762,"VININGS BANCSHARES, INC.",3/1/2016,,
5009389,"APEX BANCORP, INC.",2/12/2016,,
4897721,"CSBO HOLDINGS, INC.",2/12/2016,,
4933302,"CSBO HOLDINGS, INC. ESOP",2/12/2016,,
4933272,"CAPSTAR FINANCIAL HOLDINGS, INC.",2/6/2016,,
4932529,COVENANT FINANCIAL INC.,2/5/2016,,
4923497,ATLANTIC COMMUNITY BANCSHARES INC,2/1/2016,,
4914918,"SABAL PALM BANCORP, INC.",2/1/2016,,
4902652,"MAINE COMMUNITY BANCORP, INC.",1/26/2016,,
4902643,"MAINE COMMUNITY BANCORP, MHC",1/26/2016,,
4900694,"CENTRAL FEDERAL BANCSHARES, INC",1/12/2016,,CFDB
4902906,"RHINELAND BANCSHARES, INC",1/8/2016,,
4909521,CMUV BANCORP,1/4/2016,,CMUV
4877031,"SOUTHWEST UNITED BANCSHARES, INC.",1/1/2016,,
4399337,"VINTAGE BANCORP, INC.",1/1/2016,,
4899640,"WEST TOWN BANCORP, INC.",1/1/2016,,WTWN
4912697,COMMUNITY 1ST BANCORP,12/29/2015,,CFBN
4902465,OLD FORT BANKING COMPANY EMPLOYEE STOCK,12/22/2015,,
4932239,"GE CAPITAL GLOBAL HOLDINGS, LLC",12/1/2015,6/28/2016,
4895606,"TEXAS CITIZENS BANCORP, INC.",12/1/2015,,
4877237,"CAPITAL BANK HOLDINGS, INC.",11/30/2015,,
4877246,"ESSAY BANK HOLDINGS, LLC",11/30/2015,,
4899967,FLAGLER BANCSHARES CORPORATION,11/20/2015,,
4842329,CCBS HOLDING LLC,11/19/2015,,
4975496,"COLUMBIA BANCSHARES, INC",11/19/2015,,
4848246,"CONNECTIONS BANCSHARES, INC.",11/19/2015,,
4902317,UNION BANC CORP.,11/13/2015,,
4898353,"CCB BANKSHARES, INC.",11/10/2015,,CZYB
4876838,"PUGET SOUND BANCORP, INC.",11/4/2015,,PUGB
4843755,CFSB HOLDING CO.,11/1/2015,,
4725589,GOLDEN STATE BANCORP,10/31/2015,,GSBX
4896229,PACIFIC COMMERCE BANCORP,10/31/2015,,PCBC
4875907,"FVCBANKCORP, INC.",10/30/2015,,FVCB
4907219,"PRIVATE BANCORP OF AMERICA, INC.",10/20/2015,,PBAM
4869072,"NEW BANCORP, INC.",10/19/2015,,NWBB
4841564,CF MUTUAL HOLDING COMPANY,10/14/2015,,
4841573,CINCINNATI BANCORP,10/14/2015,,CNNB
4848237,"KIMBLE COUNTY BANCSHARES, INC.",10/13/2015,,
4792022,"PARK FINANCIAL GROUP, INC.",10/10/2015,,
4932798,BANK FORWARD EMPLOYEE STOCK OWNERSHIP PL,10/7/2015,,
3917855,BEARTOOTH FINANCIAL CORPORATION,10/1/2015,,
4816320,"NOA BANCORP, INC.",10/1/2015,,
4864590,"BURLINGTON HOLDINGS, INC.",9/30/2015,,
4841069,WASHINGTON SAVINGS MHC,9/23/2015,,
4859596,"HURON VALLEY BANCORP, INC.",9/1/2015,,
4748766,"TAB BANK HOLDINGS, INC.",9/1/2015,,
4894588,"FIRST GREENWICH FINANCIAL, INC.",8/20/2015,,
4842721,AMERICAN CONTINENTAL BANCORP,8/3/2015,,
4843090,FIRST MUTUAL HOLDING CO.,8/3/2015,,
4389329,"CRB GROUP, INC.",7/31/2015,,
4866718,"FOOTHILLS BANCORP, INC.",7/21/2015,,
4841041,EQUITABLE FINANCIAL CORP.,7/9/2015,,
4882802,CADENCE BANCORPORATION,7/1/2015,,
4815501,FIRST MERCANTILE FINANCIAL CORPORATION,7/1/2015,,
4805632,"FNB BARRY BANCORP, INC",7/1/2015,,
4848358,"LANDMARK BANCSHARES, INC.",7/1/2015,,
4877349,"GE CAPITAL SUB 3, INC.",6/30/2015,12/2/2015,
4753528,"NEWCASTLE BANCSHARES, INC.",6/18/2015,,
3488300,"LIBERTY BANCORP, INC.",6/17/2015,,
4805829,"FNBK HOLDINGS, INC.",6/5/2015,,
4754758,LITTLE LONDON BANCORP,5/27/2015,,
4706588,"KSRS, LLC",5/8/2015,,
4759650,2011 TCRT,5/1/2015,,
4759669,"EB ACQUISITION COMPANY, LLC",5/1/2015,,
4529406,"FORD FAMILY INVESTMENT, LP",5/1/2015,,
4529415,"FORD FINANCIAL FUND II, L.P.",5/1/2015,,
4529406,FORD FUND INVESTMENT LP,5/1/2015,6/29/2015,
4529385,"FORD MANAGEMENT II, L.P.",5/1/2015,,
4529394,"FORD ULTIMATE MANAGEMENT II, LLC",5/1/2015,,
4529367,"GJF FINANCIAL MANAGEMENT II, LLC",5/1/2015,,
4517298,"PARK CITIES FINANCIAL GROUP, INC.",5/1/2015,,
4815631,"LANDMARK INVESTOR GROUP, INC.",4/13/2015,10/2/2016,
4764346,LAKE FINANCIAL CORPORATION,4/1/2015,,
4792974,FOURTH STREET BANKING COMPANY,3/1/2015,,
4768689,BOOTHEEL ACQUISITION CORPORATION,1/31/2015,2/5/2016,
4741011,CORNERSTONE COMMUNITY BANCORP,1/30/2015,,
4438366,FIRST NORTHWEST BANCORP,1/29/2015,,
4807720,MW BANCORP INC,1/29/2015,,
4754301,"BEN FRANKLIN FINANCIAL, INC.",1/22/2015,,
4503929,"TFB BANCORP, INC.",1/6/2015,,
4764337,"BLUEGRASS BANCORP, INC.",1/2/2015,,
4771960,"BLAIR HOLDINGS, INC.",1/1/2015,,
4771979,"DANES HOLDINGS, INC.",1/1/2015,,
4771988,RED OAK FINANCIAL CORPORATION,1/1/2015,,
4771997,"YORK HOLDINGS, INC.",1/1/2015,,
