"Problem Bank List Jan 08, 2010 (Unofficial) www.calculatedriskblog.com",,,,,,,,,,,,
"DISCLAIMER: This is an unofficial list, the information is from public sources and while deemed to be reliable is not guaranteed. No warranty or representation, expressed or implied, is made as to the accuracy of the information contained herein and same is subject to errors and omissions. This is not intended as investment advice. Please contact CR with any errors.",,,,,,,,,,,,
Columns are sortable. Click on headers to sort.,,,,,,,,,,,,
FDIC Cert#,2009q2 Assets $(000s),Class,Agency,Name,City,State,Date,Enforcement Action Type,Reason,Prompt Corrective Action,Prompt Corrective Action Date,Ticker Symbol
15448,18396,NM,FDIC,1st American State Bank of Minnesota,Hancock,MN,2/25/08,Cease & Desist ,General,,,
1149,106774,SM,FRB,1st Financial Bank,Overland Park,KS,6/22/09,Written Agreement ,General,,,
35517,393001,SM,FRB,1st Pacific Bank of California,San Diego,CA,12/15/09,Written Agreement ,CRE lending,,,FPBN 
35029,171030,N,OCC,AB&T National Bank,Albany,GA,7/27/06,Formal Agreement ,General,,,ALBY.PK 
16476,38142,NM,FDIC,Access Bank,Champlin,MN,10/22/09,Cease & Desist ,General,,,
22658,282169,N,OCC,Adams National Bank,Washington,DC,10/1/08,Supervisory Agreement ,General,,,PFBI 
33535,2284186,NM,FDIC,Advanta Bank Corp.,Draper,UT,11/24/09,Consent Order ,General,,,ADVNQ.PK 
29864,889621,NM,FDIC,Advantage Bank,Cambridge,OH,7/31/09,Cease & Desist ,CRE lending,,,CAFI 
57072,454763,NM,FDIC,Advantage Bank,Loveland,CO,10/21/09,Cease & Desist ,C&D RE,,,
35224,78205,N,OCC,"Alabama Trust Bank, National Association",Sylacauga,AL,6/5/09,Formal Agreement ,CRE lending,,,
35078,148023,NM,FDIC,Allegiance Bank of North America,Bala Cynwyd,PA,11/4/09,Cease & Desist ,CRE lending,,,ABPA.OB 
57424,58817,NM,FDIC,Alliance Banking Company,Winchester,KY,12/1/08,Cease & Desist ,General,,,
15083,14682,NM,FDIC,Alliant Bank,Sedgwick,KS,6/28/07,Cease & Desist ,General,,,
6423,2800382,SM,FRB,Amboy Bank,Old Bridge,NJ,7/6/09,Written Agreement ,General,,,
3735,4358923,N,OCC,"Amcore Bank, National Association",Rockford,IL,6/25/09,Formal Agreement ,General,,,AMFI 
32328,565587,SA,OTS,American Bank,Silver Spring,MD,9/4/08,Cease & Desist ,General,,,
34955,637706,N,OCC,"American Bank and Trust Company, National Association",Davenport,IA,8/17/09,Formal Agreement ,CRE lending,,,
20843,630130,SM,FRB,American Bank of St. Paul,Saint Paul,MN,7/30/09,Written Agreement ,General,,,
57444,135573,NM,FDIC,American Continental Bank,City Of Industry,CA,11/30/09,Consent Order ,General,,,
57113,436443,NM,FDIC,"American Founders Bank, Inc.",Frankfort,KY,9/6/07,Cease & Desist ,General,,,
35223,104455,NM,FDIC,American Heartland Bank and Trust,Sugar Grove,IL,10/30/09,Cease & Desist ,C&D RE,,,
16730,373185,NM,FDIC,American Marine Bank,Bainbridge Island,WA,11/4/09,Consent Order ,CRE lending,Yes ,11/20/09,
34334,99860,NM,FDIC,American Metro Bank,Chicago,IL,10/30/09,Cease & Desist ,General,,,
18806,77367,N,OCC,American National Bank,Parma,OH,9/22/09,Cease & Desist ,CRE lending,,,
57169,123009,NM,FDIC,American Patriot Bank,Greeneville,TN,6/3/09,Cease & Desist ,CRE lending,,,
20292,11265,NM,FDIC,American State Bank,Tulsa,OK,3/23/05,Cease & Desist ,General,,,
13099,122530,NM,FDIC,American Trust & Savings Bank,Whiting,IN,11/24/09,Consent Order ,CRE lending,,,
57432,303341,NM,FDIC,American Trust Bank,Roswell,GA,10/9/09,Cease & Desist ,C&D RE,,,
22441,1761995,NM,FDIC,AmericanWest Bank,Spokane,WA,5/11/09,Cease & Desist ,General,,,AWBC 
8205,186009,NM,FDIC,Americana Community Bank,Sleepy Eye,MN,6/9/09,Cease & Desist ,General,,,
34294,210946,SM,FRB,AmericasBank,Towson,MD,10/16/08,Written Agreement ,CRE lending,,,AMAB.PK 
11763,365295,SM,FRB,Ames Community Bank,Ames,IA,10/27/09,Written Agreement ,CRE lending,,,
15354,60496,SM,FRB,Anadarko Bank & Trust Company,Anadarko,OK,8/13/07,Written Agreement ,General,,,
28454,616407,SB,FDIC,Anchor Mutual Savings Bank,Aberdeen,WA,8/12/09,Cease & Desist ,General,,,
29979,4639906,SA,OTS,"AnchorBank, fsb",Madison,WI,6/26/09,Cease & Desist ,General,,,ABCW 
33989,1060725,NM,FDIC,Appalachian Community Bank,Ellijay,GA,4/24/09,Cease & Desist ,C&D RE,,,APAB.PK 
58495,92802,SA,OTS,"Appalachian Community Bank, F.S.B.",McCaysville,GA,12/30/09,Cease & Desist ,C&D RE,,,APAB.PK 
31813,19083,NM,FDIC,Arcola Homestead Savings Bank,Arcola,IL,6/9/09,Cease & Desist ,General,,,
35578,77226,NM,FDIC,Arrowhead Community Bank,Glendale,AZ,11/10/09,Cease & Desist ,C&D RE,,,CBC 
57213,1083259,NM,FDIC,Atlantic Southern Bank,Macon,GA,9/11/09,Cease & Desist ,C&D RE,,,ASFN 
17792,79994,N,OCC,BC National Banks,Butler,MO,2/3/09,Cease & Desist ,C&D RE,,,
13272,96615,NM,FDIC,Badger State Bank,Cassville,WI,4/30/09,Cease & Desist ,General,,,
34554,93951,NM,FDIC,Bank 1st,Albuquerque,NM,,Prompt Corrective Action ,Capital,Yes ,8/31/09,
58183,35743,NM,FDIC,Bank Reale,Pasco,WA,8/20/08,Cease & Desist ,General,,,BKRL.OB 
34830,135916,N,OCC,"Bank of Anderson, National Association",Anderson,SC,10/15/08,Supervisory Agreement ,C&D RE,,,PBCE.OB 
23123,427598,SM,FRB,Bank of Bartlett,Bartlett,TN,10/29/09,Written Agreement ,General,,,
32722,824576,SM,FRB,Bank of Blue Valley,Overland Park,KS,10/6/09,Written Agreement ,CRE lending,,,BVBC.OB 
13274,149174,SM,FRB,Bank of Commerce,Chelsea,OK,10/3/09,Written Agreement ,General,,,
58197,179943,NM,FDIC,Bank of Ellijay,Ellijay,GA,11/24/09,Consent Order ,C&D RE,,,
5950,1008376,NM,FDIC,Bank of Granite,Granite Falls,NC,8/27/09,Cease & Desist ,CRE lending,,,GRAN 
1372,101942,NM,FDIC,Bank of Greensburg,Greensburg,LA,10/20/09,Cease & Desist ,C&D RE,,,
9268,246993,SM,FRB,Bank of Illinois,Normal,IL,10/14/09,Written Agreement ,General,Yes ,12/1/09,
4331,77561,N,OCC,"Bank of Indiana, National Association",Dana,IN,11/6/09,Formal Agreement ,General,,,
8265,22939,NM,FDIC,Bank of Leeton,Leeton,MO,2/12/09,Cease & Desist ,CRE lending,,,
13832,35727,NM,FDIC,Bank of Lenox,Lenox,GA,12/4/08,Cease & Desist ,General,,,
22637,140854,NM,FDIC,Bank of Shorewood,Shorewood,IL,11/24/09,Consent Order ,CRE lending,,,
26727,82937,NM,FDIC,Bank of South Texas,McAllen,TX,10/27/09,Cease & Desist ,C&D RE,,,
58477,45427,NM,FDIC,Bank of Tacoma,Tacoma,WA,8/11/09,Cease & Desist ,CRE lending,,,
2205,132907,N,OCC,"Bank of The Rockies, National Association",White Sulphur Springs,MT,5/21/09,Formal Agreement ,C&D RE,,,
21161,230009,NM,FDIC,Bank of the Bluegrass and Trust Company,Lexington,KY,7/8/08,Cease & Desist ,General,,,
22407,2269807,NM,FDIC,Bank of the Cascades,Bend,OR,8/27/09,Cease & Desist ,CRE lending,,,CACB 
22353,189091,N,OCC,"Bank of the Lakes, National Association",Owasso,OK,6/19/09,Formal Agreement ,C&D RE,,,
8537,237034,NM,FDIC,BankCherokee,Saint Paul,MN,9/16/08,Cease & Desist ,C&D RE,,,
19869,347909,SM,FRB,BankEast,Knoxville,TN,4/6/09,Cease & Desist ,CRE lending,,,
17594,22983,NM,FDIC,BankHaven,Haven,KS,6/11/08,Cease & Desist ,General,,,
1252,827843,SM,FRB,Barnes Banking Company,Kaysville,UT,5/19/09,Written Agreement ,General,,,
35462,297388,N,OCC,Bay National Bank,Baltimore,MD,2/6/09,Cease & Desist ,CRE lending,,,BAYN 
57669,86068,SA,OTS,Bayside Savings Bank,Port Saint Joe,FL,12/22/09,Cease & Desist ,C&D RE,,,
35431,210646,N,OCC,Baytree National Bank & Trust Company,Lake Forest,IL,4/17/09,Cease & Desist ,CRE lending,,,
34242,646024,N,OCC,Beach First National Bank,Myrtle Beach,SC,11/4/09,Consent Order ,C&D RE,,,BFNB 
32347,230888,SB,FDIC,"Blue Ridge Savings Bank, Inc.",Asheville,NC,11/3/08,Cease & Desist ,C&D RE,,,
24935,186933,N,OCC,"Border Capital Bank, National Association",McAllen,TX,6/26/08,Formal Agreement ,CRE lending,,,
20012,84326,NM,FDIC,Border Trust Company,Augusta,ME,8/12/09,Cease & Desist ,General,,,
27808,48138,NM,FDIC,Bramble Savings Bank,Milford,OH,9/28/07,Cease & Desist ,General,,,
35101,149091,SM,FRB,Buckeye Community Bank,Lorain,OH,7/30/09,Written Agreement ,General,,,
57978,121767,NM,FDIC,Business Bank,Burlington,WA,9/1/09,Cease & Desist ,General,,,
26619,273246,NM,FDIC,Butler Bank,Lowell,MA,4/17/09,Cease & Desist ,General,,,
35309,480875,N,OCC,CBC National Bank,Fernandina Beach,FL,8/28/09,Formal Agreement ,CRE lending,,,CBCO.OB 
35575,9365863,NM,FDIC,CIT Bank,Salt Lake City,UT,7/16/09,Cease & Desist ,Intercompany Transactions,,,CITGQ.PK 
4999,1755531,N,OCC,"Cadence Bank, N.A.",Starkville,MS,4/17/09,Formal Agreement ,CRE lending,,,CADE 
21801,245541,N,OCC,Canon National Bank,Canon City,CO,11/24/09,Cease & Desist ,CRE lending,,,
34692,262749,N,OCC,Canyon National Bank,Palm Springs,CA,9/15/08,Supervisory Agreement ,CRE lending,,,CYBA.OB 
33823,131682,NM,FDIC,Capital Community Bank,Provo,UT,5/20/09,Cease & Desist ,General,,,
57529,10585074,NM,FDIC,Capmark Bank,Midvale,UT,10/2/09,Cease & Desist ,Intercompany Transactions,,,
35372,61550,SA,OTS,Carolina Federal Savings Bank,Charleston,SC,5/14/09,Supervisory Agreement ,C&D RE,,,
58352,49978,NM,FDIC,Carson River Community Bank,Carson City,NV,4/3/09,Cease & Desist ,General,,,
28823,1646434,NM,FDIC,Cascade Bank,Everett,WA,10/20/09,Corrective Action Program (8-K) ,General,,,CASB 
13908,1085091,N,OCC,"Castle Bank, National Association",Dekalb,IL,6/25/09,Formal Agreement ,CRE lending,,,FINN.PK 
58158,124462,N,OCC,"CenTrust Bank, National Association",Northbrook,IL,6/16/09,Formal Agreement ,CRE lending,,,
34430,244094,NM,FDIC,Centennial Bank,Ogden,UT,6/26/09,Cease & Desist ,General,,,
5687,325915,NM,FDIC,Central Bank of Georgia,Ellaville,GA,7/28/09,Cease & Desist (Temporary) ,Capital,,,
4702,808406,N,OCC,Central National Bank,Junction City,KS,9/17/09,Formal Agreement ,General,,,
17308,5163027,NM,FDIC,Central Pacific Bank,Honolulu,HI,,Pending Formal Action (8-K) ,CRE lending,,,CPF 
19657,422531,NM,FDIC,Central Progressive Bank,Lacombe,LA,1/28/09,Cease & Desist ,C&D RE,,,
3744,1333287,SM,FRB,Centrue Bank,Streator,IL,12/24/09,Written Agreement ,General,,,TRUE 
28353,132692,SA,OTS,Century Bank,Parma,OH,3/27/09,Supervisory Agreement ,CRE lending,,,
35558,82784,SM,FRB,Century Bank of Florida,Tampa,FL,9/17/09,Formal Agreement ,General,,,
35450,109696,NM,FDIC,"Century Bank of Kentucky, Inc.",Lawrenceburg,KY,3/23/09,Cease & Desist ,General,,,
32498,1251880,SA,OTS,Charter Bank,Santa Fe,NM,11/20/09,Cease & Desist ,CRE lending,,,
26185,179052,N,OCC,Charter West National Bank,West Point,NE,10/3/08,Supervisory Agreement ,CRE lending,,,
35136,213960,N,OCC,"Cherokee Bank, National Association",Canton,GA,4/29/09,Cease & Desist ,CRE lending,,,CHKJ.OB 
34578,290948,NM,FDIC,Chestatee State Bank,Dawsonville,GA,8/21/08,Cease & Desist ,CRE lending,,,
1695,148173,NM,FDIC,Citizens Bank,New Tazewell,TN,10/10/07,Cease & Desist ,Residential RE,,,
16417,121071,NM,FDIC,Citizens Bank & Trust Company,Covington,LA,10/27/09,Cease & Desist ,C&D RE,,,
34658,80641,NM,FDIC,Citizens Bank and Trust Company of Chicago,Chicago,IL,9/29/09,Cease & Desist ,CRE lending,,,
30005,1820020,SB,FDIC,Citizens First Savings Bank,Port Huron,MI,,Cease & Desist ,,,,CTZN 
939,61233,SM,FRB,Citizens First State Bank of Walnut,Walnut,IL,11/5/09,Written Agreement ,General,,,
27465,316667,N,OCC,Citizens National Bank of Springfield,Springfield,MO,4/7/09,Cease & Desist ,C&D RE,,,
6194,174791,NM,FDIC,Citizens State Bank,Hudson,WI,7/24/09,Cease & Desist ,CRE lending,,,
12303,118651,NM,FDIC,Citizens State Bank,Woodville,TX,1/30/09,Cease & Desist ,CRE lending,,,
9422,37014,NM,FDIC,Citizens State Bank of Lankin,Lankin,ND,3/5/07,Cease & Desist ,General,,,
21521,1219356,NM,FDIC,City Bank,Lynnwood,WA,6/29/09,Cease & Desist ,General,,,CTBK 
21111,488195,N,OCC,City National Bank of New Jersey,Newark,NJ,6/29/09,Formal Agreement ,General,,,
34597,239298,NM,FDIC,Clarkston State Bank,Clarkston,MI,6/16/08,Cease & Desist ,General,,,HRTB.OB 
34381,178742,N,OCC,Coast National Bank,San Luis Obispo,CA,2/10/09,Formal Agreement ,CRE lending,,,CTBP.OB 
34898,154394,SA,OTS,Coastal Bank,Merritt Island,FL,12/31/09,Supervisory Agreement ,C&D RE,,,
9619,383183,NM,FDIC,Coastal Community Bank,Panama City Beach,FL,4/22/09,Cease & Desist ,CRE lending,,,
34403,280212,SM,FRB,Coastal Community Bank,Everett,WA,10/1/09,Written Agreement ,CRE lending,,,
30085,239973,SB,FDIC,Coatesville Savings Bank,Coatesville,PA,10/8/09,Cease & Desist ,General,,,
32654,169267,SA,OTS,Colombo Bank,Rockville,MD,10/28/09,Cease & Desist ,CRE lending,,,
22776,83702,SM,FRB,Colorado Mountain Bank,Westcliffe,CO,9/14/09,Formal Agreement ,CRE lending,,,
35013,378431,NM,FDIC,Columbia Community Bank,Hillsboro,OR,3/4/09,Cease & Desist ,C&D RE,,,CLBC.OB 
22469,1062110,NM,FDIC,Columbia River Bank,The Dalles,OR,2/9/09,Cease & Desist ,C&D RE,,,CBBO 
32284,57728,NM,FDIC,Columbia Savings Bank,Cincinnati,OH,11/13/07,Cease & Desist ,Multi-family RE,,,
2409,132260,NM,FDIC,Commercial State Bank of El Campo,El Campo,TX,7/1/09,Cease & Desist ,CRE lending,,,
5702,1211027,NM,FDIC,Community Bank & Trust,Cornelia,GA,5/11/09,Cease & Desist ,C&D RE,,,
34092,252049,NM,FDIC,Community Bank of Manatee,Lakewood Ranch,FL,11/25/09,Consent Order ,C&D RE,,,
35170,131548,NM,FDIC,Community Bank of San Joaquin,Stockton,CA,11/19/08,Cease & Desist ,General,,,BKOT.OB 
35036,385273,NM,FDIC,Community Bank of the South,Smyrna,GA,,Cease & Desist ,,,,
21132,1818350,SM,FRB,Community Banks of Colorado,Greenwood Village,CO,4/6/09,Written Agreement ,CRE lending,,,
32148,147041,SM,FRB,Community Banks of Northern California,Tracy,CA,9/23/08,Written Agreement ,CRE lending,,,
57036,202109,NM,FDIC,Community Capital Bank,Jonesboro,GA,4/16/09,Cease & Desist ,CRE lending,,,
23306,42186,N,OCC,Community National Bank,North Branch,MN,9/10/07,Cease & Desist ,General,,,
34503,234926,N,OCC,Community National Bank,Waterloo,IA,3/11/08,Formal Agreement ,General,,,
34486,120106,NM,FDIC,Community Security Bank,New Prague,MN,8/3/09,Cease & Desist ,CRE lending,,,
18272,606610,N,OCC,"Community State Bank, National Association",Ankeny,IA,7/30/08,Formal Agreement ,CRE lending,,,
34119,144056,NM,FDIC,Concord Bank,St. Louis,MO,2/13/09,Cease & Desist ,CRE lending,,,
34876,422392,N,OCC,"Connecticut Community Bank, National Association",Westport,CT,7/27/09,Formal Agreement ,General,,,
4803,246198,N,OCC,"Cornerbank, National Association",Winfield,KS,7/1/08,Formal Agreement ,CRE lending,,,
15317,124244,N,OCC,"Cornerstone Bank & Trust, National Association",Carrollton,IL,11/24/09,Formal Agreement ,General,,,
34551,9599,N,OCC,CrediCard National Bank,Tucson,AZ,4/28/09,Formal Agreement ,General,,,
27559,1028761,NM,FDIC,Crescent Bank and Trust Company,Jasper,GA,5/11/09,Cease & Desist ,C&D RE,,,
8833,45809,NM,FDIC,Currie State Bank,Currie,MN,11/6/08,Written Agreement ,,,,
58257,102999,NM,FDIC,Darien Rowayton Bank,Darien,CT,5/7/09,Cease & Desist ,General,,,
8339,37975,NM,FDIC,De Witt State Bank,De Witt,NE,11/10/09,Consent Order ,CRE lending,,,
34392,241427,NM,FDIC,Decatur First Bank,Decatur,GA,1/5/10,Consent Order (Media Report) ,General,,,
57976,143501,NM,FDIC,Desert Commercial Bank,Palm Desert,CA,2/17/09,Cease & Desist ,CRE lending,,,DCBC.OB 
57060,525620,NM,FDIC,Desert Hills Bank,Phoenix,AZ,7/2/09,Cease & Desist ,General,,,
27015,241212,SL,OTS,Domestic Bank,Cranston,RI,6/30/08,Cease & Desist ,General,,,
21649,375966,NM,FDIC,Douglas County Bank,Douglasville,GA,1/27/09,Cease & Desist ,C&D RE,,,
5732,92172,N,OCC,DuPage National Bank,West Chicago,IL,5/7/09,Formal Agreement ,General,,,
26947,284373,N,OCC,Eagle National Bank,Upper Darby,PA,10/15/09,Formal Agreement ,General,,,EGNL.PK 
35561,123972,NM,FDIC,Earthstar Bank,Southhampton,PA,5/28/08,Cease & Desist ,RE Lending,,,
28167,180384,SA,OTS,Eastern Federal Bank,Norwich,CT,11/4/09,Supervisory Agreement ,C&D RE,,,
20026,496819,N,OCC,Eastern National Bank,Miami,FL,6/26/09,Formal Agreement ,General,,,
32360,977017,SA,OTS,"Eastern Savings Bank, FSB",Hunt Valley,MD,2/20/09,Cease & Desist ,General,,,
58125,221212,NM,FDIC,Eastside Commercial Bank,Conyers,GA,10/9/09,Cease & Desist ,C&D RE,,,
57132,61492,N,OCC,"Eastside Commercial Bank, National Association",Bellevue,WA,4/21/09,Formal Agreement ,CRE lending,,,
6579,190179,N,OCC,Eaton National Bank & Trust Co.,Eaton,OH,8/25/09,Formal Agreement ,CRE lending,,,
57772,85812,NM,FDIC,Edgebrook Bank,Chicago,IL,10/23/09,Cease & Desist ,C&D RE,,,
29981,180245,SA,OTS,Edgewater Bank,Saint Joseph,MI,10/20/09,Cease & Desist ,General,,,
35270,96550,NM,FDIC,Elkhart Community Bank,Elkhart,IN,10/2/09,Cease & Desist ,C&D RE,,,CBC 
23498,250822,SB,FDIC,"Equity Bank,SSB",Dallas,TX,11/12/09,Cease & Desist ,CRE lending,,,
27150,2805717,NM,FDIC,Eurobank,Hato Rey,PR,10/9/09,Cease & Desist ,General,,,EUBK 
26799,426992,NM,FDIC,EvaBank,Eva,AL,11/18/09,Consent Order ,C&D RE,,,
20501,488516,NM,FDIC,Evergreen Bank,Seattle,WA,10/23/09,Cease & Desist ,CRE lending,Yes ,11/5/09,EVGG.OB 
23404,93729,N,OCC,Evergreen National Bank,Evergreen,CO,10/27/09,Formal Agreement ,CRE lending,,,
5328,285879,NM,FDIC,Evergreen State Bank,Stoughton,WI,7/29/09,Cease & Desist (Charges) ,C&D RE,,,
57734,226695,N,OCC,Excel National Bank,Beverly Hills,CA,9/15/09,Cease & Desist ,CRE lending,,,
20711,274621,N,OCC,Executive National Bank,Miami,FL,9/8/09,Formal Agreement ,General,,,
22536,79141,NM,FDIC,Family Bank & Trust Company,Palos Hills,IL,5/9/08,Cease & Desist ,General,,,
28462,64528,SL,OTS,Family Federal Savings of Illinois,Cicero,IL,11/20/09,Cease & Desist ,General,,,
5716,636886,NM,FDIC,Farmers & Merchants Bank,Lakeland,GA,5/19/09,Cease & Desist ,CRE lending,,,
17614,645253,N,OCC,"Farmers Bank & Trust, National Association",Great Bend,KS,9/11/08,Formal Agreement ,CRE lending,,,
8865,46542,SM,FRB,Farmers State Bank of West Concord,West Concord,MN,11/10/09,Written Agreement ,CRE lending,,,
33198,438137,N,OCC,"Fidelity Bank of Florida, National Association",Merritt Island,FL,6/9/09,Formal Agreement ,General,,,
32582,344798,SA,OTS,"First Arizona Savings, a FSB",Scottsdale,AZ,11/2/09,Cease & Desist ,C&D RE,,,
58481,222952,NM,FDIC,First Bank,Williamstown,NJ,9/30/09,Cease & Desist ,General,,,FRBA.OB 
4516,135061,NM,FDIC,First Bank,West Des Moines,IA,3/18/09,Cease & Desist ,General,,,
14552,102589,NM,FDIC,First Bank,Farmersville,TX,10/21/09,Cease & Desist ,General,,,
28533,637122,N,OCC,"First Bank Richmond, National Association",Richmond,IN,10/26/09,Formal Agreement ,General,,,
34116,129621,NM,FDIC,First Bank of Dalton,Dalton,GA,11/17/09,Consent Order ,CRE lending,,,
27573,90961,NM,FDIC,First Bank of Jacksonville,Jacksonville,FL,11/10/09,Consent Order ,C&D RE,,,
22327,97199,SM,FRB,First Bank of Snook,Snook,TX,4/23/08,Written Agreement ,General,,,
5287,941108,SM,FRB,First Banking Center,Burlington,WI,10/29/09,Written Agreement ,General,,,FBCI.OB 
32711,284925,NM,FDIC,First Cherokee State Bank,Woodstock,GA,9/11/09,Cease & Desist ,C&D RE,,,
21478,29297,N,OCC,"First Citizens Bank of Polson, National Association",Polson,MT,9/17/08,Formal Agreement ,General,,,
16748,302461,NM,FDIC,First City Bank of Florida,Fort Walton Beach,FL,10/15/09,Cease & Desist ,C&D RE,,,
57448,270614,NM,FDIC,First Commerce Community Bank,Douglasville,GA,1/6/09,Cease & Desist ,C&D RE,,,FCGA.OB 
35246,368466,NM,FDIC,First Commercial Bank,Bloomington,MN,,Cease & Desist (Media Report) ,CRE lending,,,
27583,150736,NM,FDIC,First Commercial Bank of Tampa Bay,Tampa,FL,5/11/09,Cease & Desist ,CRE lending,,,FCBF.PK 
12261,2883693,SM,FRB,First Community Bank,Taos,NM,7/8/09,Written Agreement ,General,,,FSNM 
26435,854832,N,OCC,"First Community Bank, National Association",Sugar Land,TX,11/19/09,Consent Order ,CRE lending,,,
58294,178039,NM,FDIC,First Covenant Bank,Norcross,GA,,Prompt Corrective Action ,Capital,Yes ,12/17/08,
28886,444040,SA,OTS,First Federal Bank of North Florida,Palatka,FL,11/13/09,Cease & Desist ,General,,,
31410,120422,SA,OTS,"First Federal of South Carolina, FSB",Walterboro,SC,8/28/09,Supervisory Agreement ,General,,,
30364,218806,SA,OTS,First Home Savings Bank,Mountain Grove,MO,8/17/09,Cease & Desist ,General,,,FBSI 
24957,142976,NM,FDIC,First Lowndes Bank,Fort Deposit,AL,3/7/08,Cease & Desist ,General,,,
31286,1303011,NM,FDIC,First Mariner Bank,Baltimore,MD,9/18/09,Cease & Desist ,General,,,FMAR 
6078,153907,NM,FDIC,First Midwest Bank,Centerville,SD,7/15/09,Cease & Desist ,CRE lending,,,
28930,114849,N,OCC,First Missouri National Bank,Brookfield,MO,10/22/09,Formal Agreement ,CRE lending,,,
34152,318422,N,OCC,First National Bank,Savannah,GA,9/28/09,Cease & Desist ,C&D RE,,,
14420,307919,N,OCC,First National Bank,Goodland,KS,6/23/09,Cease & Desist ,C&D RE,,,
14372,2260132,N,OCC,First National Bank,Fort Collins,CO,6/25/09,Formal Agreement ,CRE lending,,,FINN.PK 
5113,76755,N,OCC,First National Bank,Chisholm,MN,7/23/09,Formal Agreement ,General,,,
4709,36775,N,OCC,First National Bank & Trust Company in Larned,Larned,KS,4/17/08,Formal Agreement ,General,,,
15484,110130,N,OCC,First National Bank MidWest,Oskaloosa,IA,7/28/08,Formal Agreement ,General,,,
22046,191169,N,OCC,First National Bank USA,Boutte,LA,5/21/08,Formal Agreement ,General,,,
5338,44976,N,OCC,First National Bank and Trust,Barron,WI,8/4/08,Formal Agreement ,General,,,
2226,280618,N,OCC,First National Bank and Trust Company,Powell,WY,9/3/08,Cease & Desist ,General,,,
5481,58784,N,OCC,First National Bank and Trust of Syracuse,Syracuse,NE,11/2/09,Formal Agreement ,CRE lending,,,
14370,345853,N,OCC,First National Bank in Howell,Howell,MI,9/24/09,Cease & Desist ,CRE lending,,,FNHM.OB 
4174,37084,N,OCC,First National Bank in Pawhuska,Pawhuska,OK,10/22/09,Cease & Desist ,General,,,
18564,239542,N,OCC,First National Bank of Brookfield,Brookfield,IL,9/11/08,Formal Agreement ,CRE lending,,,
26297,469974,N,OCC,First National Bank of Central Florida,Winter Park,FL,7/7/09,Formal Agreement ,CRE lending,,,
1757,160008,N,OCC,First National Bank of Crossett,Crossett,AR,11/10/09,Consent Order ,CRE lending,,,
16480,832580,N,OCC,First National Bank of Georgia,Carrollton,GA,11/12/08,Formal Agreement ,CRE lending,,,WGNB.PK 
169,305985,N,OCC,First National Bank of Griffin,Griffin,GA,11/10/09,Cease & Desist ,CRE lending,,,
18150,235203,N,OCC,First National Bank of Jasper,Jasper,TX,10/8/09,Consent Order ,PLMBS,,,
33789,859800,N,OCC,First National Bank of Kansas,Overland Park,KS,7/10/09,Formal Agreement ,CRE lending,,,FINN.PK 
5318,132462,N,OCC,First National Bank of Platteville,Platteville,WI,11/25/08,Formal Agreement ,General,,,
24355,32857,N,OCC,First National Bank of the Mid-Cities,Bedford,TX,8/16/06,Formal Agreement ,General,,,
3041,392661,N,OCC,First National Bank of the Rockies,Grand Junction,CO,11/5/09,Consent Order ,CRE lending,,,
35383,786443,N,OCC,First National Bank of the South,Spartanburg,SC,4/27/09,Cease & Desist ,C&D RE,,,FNSC 
1294,389150,N,OCC,First National Banking Company,Ash Flat,AR,6/26/09,Formal Agreement ,General,,,
5357,146892,N,OCC,First National Community Bank,New Richmond,WI,8/25/09,Formal Agreement ,General,,,
4185,111217,SM,FRB,First Pryority Bank,Pryor,OK,3/25/08,Written Agreement ,CRE lending,,,
23011,2184100,NM,FDIC,First Regional Bank,Los Angeles,CA,2/23/09,Cease & Desist ,CRE lending,,,FRGB 
58039,19363,NM,FDIC,First Resource Bank,Savage,MN,8/31/09,Cease & Desist ,General,,,
57239,239267,N,OCC,First Southern National Bank,Statesboro,GA,5/18/09,Formal Agreement ,CRE lending,,,
57944,126569,NM,FDIC,First Standard Bank,Los Angeles,CA,2/7/08,Cease & Desist ,General,,,FSTA.OB 
58046,254013,NM,FDIC,First State Bank,Cranford,NJ,10/2/09,Cease & Desist ,CRE lending,,,FSNJ.OB 
9502,27787,NM,FDIC,First State Bank,Danville,VA,4/10/07,Cease & Desist ,General,,,
15787,40517,NM,FDIC,First State Bank,Wilmot,SD,3/3/09,Cease & Desist ,C&D RE,,,
11704,96946,SM,FRB,First State Bank of Red Bud,Red Bud,IL,3/27/09,Written Agreement ,General,,,
16089,178102,N,OCC,First Suburban National Bank,Maywood,IL,10/27/08,Supervisory Agreement ,General,,,
32551,690426,SA,OTS,First Trade Union Bank,Boston,MA,1/7/10,Supervisory Agreement ,General,,,
33519,76935,NM,FDIC,First Tuskegee Bank,Tuskegee,AL,11/19/08,Cease & Desist ,General,,,
22738,358600,NM,FDIC,First Utah Bank,Salt Lake City,UT,9/29/09,Written Agreement ,General,,,
57885,65188,NM,FDIC,First Vietnamese American Bank,Westminster,CA,1/29/09,Cease & Desist ,General,,,FVAB.OB 
35218,136718,SM,FRB,Flagler Bank,West Palm Beach,FL,11/19/09,Written Agreement ,CRE lending,,,
26323,983515,N,OCC,"Florida Capital Bank, National Association",Jacksonville,FL,3/26/09,Formal Agreement ,CRE lending,,,
5672,875473,NM,FDIC,Florida Community Bank,Immokalee,FL,2/19/09,Cease & Desist (Media Report) ,,,,FLRB.OB 
57504,111408,NM,FDIC,Fox River State Bank,Burlington,WI,9/11/09,Cease & Desist ,CRE lending,,,
57259,227665,N,OCC,"Franklin Community Bank, National Association",Rocky Mount,VA,4/16/09,Formal Agreement ,C&D RE,,,
11705,81654,NM,FDIC,Freedom Bank,Sterling,IL,9/18/09,Cease & Desist ,General,,,
34986,459834,NM,FDIC,Frontenac Bank,Earth City,MO,10/21/09,Cease & Desist ,C&D RE,,,
22710,3766639,NM,FDIC,Frontier Bank,Everett,WA,3/20/08,Cease & Desist ,C&D RE,,,FTBK 
8283,92939,NM,FDIC,Garden City Bank,Garden City,MO,1/29/09,Cease & Desist ,General,,,
33103,433403,SA,OTS,"Gateway Bank, FSB",San Francisco,CA,4/24/09,Cease & Desist ,General,,,
32287,453356,SB,FDIC,Geauga Savings Bank,Newbury,OH,1/12/09,Cease & Desist ,Mortgage Lending,,,
35518,85845,SA,OTS,Generations Bank,Phillipsburg,KS,10/23/08,Cease & Desist ,General,,,KCLI 
58005,86613,NM,FDIC,Georgia Heritage Bank,Dallas,GA,4/24/09,Cease & Desist ,CRE lending,,,
23835,28673,N,OCC,Gladewater National Bank,Gladewater,TX,6/17/09,Formal Agreement ,General,,,
58391,38332,NM,FDIC,Golden Coast Bank,Long Beach,CA,1/27/09,Cease & Desist ,General,,,
26615,168653,NM,FDIC,Golden Security Bank,Rosemead,CA,5/8/09,Cease & Desist ,General,,,
57585,161850,NM,FDIC,Golden State Bank,Upland,CA,8/17/09,Cease & Desist ,General,,,GSBB.OB 
57037,80991,NM,FDIC,Goshen Community Bank,Goshen,IN,8/21/09,Cease & Desist ,General,,,
57274,337846,N,OCC,"Grand Bank, National Association",Hamilton,NJ,8/4/09,Formal Agreement ,CRE lending,,,
57531,148541,SA,OTS,"Grand Mountain Bank, FSB",Granby,CO,11/9/09,Cease & Desist ,C&D RE,,,
10816,13835,NM,FDIC,Grand Rivers Community Bank,Grand Chain,IL,6/25/09,Cease & Desist ,General,,,
57315,121350,N,OCC,"Granite Community Bank, National Association",Granite Bay,CA,7/21/08,Formal Agreement ,CRE lending,,,GBSI.OB 
30003,1366152,SA,OTS,Guaranty Bank,Milwaukee,WI,3/23/09,Cease & Desist ,General,,,GFCJ.PK 
20340,117223,NM,FDIC,Gulf State Community Bank,Carrabelle,FL,11/20/09,Consent Order ,C&D RE,,,
1250,77610,NM,FDIC,Gunnison Valley Bank,Gunnison,UT,9/25/09,Cease & Desist ,General,,,
35249,504660,NM,FDIC,Gwinnett Community Bank,Duluth,GA,8/31/09,Cease & Desist ,C&D RE,,,
151,488704,NM,FDIC,Habersham Bank,Clarkesville,GA,6/26/09,Cease & Desist (8-K) ,,,,HABC.OB 
24170,3450949,SM,FRB,Hanmi Bank,Los Angeles,CA,11/5/09,Written Agreement ,CRE lending,,,HAFC 
57262,300977,SA,OTS,"Harrington Bank, FSB",Chapel Hill,NC,7/21/09,Supervisory Agreement ,CRE lending,,,
18984,151477,NM,FDIC,Hastings State Bank,Hasting,NE,6/24/08,Cease & Desist ,General,,,
1361,189630,NM,FDIC,Heartland Bank,Leawood,KS,3/30/09,Cease & Desist ,CRE lending,,,MBR 
12513,76642,SM,FRB,Heritage Bank,Topeka,KS,5/4/09,Written Agreement ,General,Yes ,3/31/09,
19254,184578,N,OCC,Heritage Bank National Association,Spicer,MN,10/28/08,Supervisory Agreement ,General,,,
12554,384775,NM,FDIC,Heritage Bank of Central Illinois,Trivoli,IL,11/12/09,Cease & Desist ,CRE lending,,,
26680,176065,NM,FDIC,Heritage Bank of North Florida,Orange Park,FL,8/4/09,Cease & Desist ,CRE lending,,,
25243,136396,N,OCC,"Heritage Bank, National Association",Holstein,IA,10/30/09,Formal Agreement ,General,,,
58416,154302,N,OCC,"Heritage Bank, National Association",Phoenix,AZ,9/29/08,Formal Agreement ,CRE lending,,,
20761,94556,SA,OTS,Heritage First Bank,Rome,GA,5/1/09,Supervisory Agreement ,C&D RE,,,
13058,44858,N,OCC,Hiawatha National Bank,Hager City,WI,4/23/07,Formal Agreement ,General,,,
58594,46340,SA,OTS,High Desert Bank,Bend,OR,12/29/09,Cease & Desist ,General,,,CBC 
35279,88629,NM,FDIC,High Desert State Bank,Albuquerque,NM,6/19/09,Cease & Desist ,CRE lending,,,
19554,220792,NM,FDIC,High Trust Bank,Stockbridge,GA,11/20/09,Consent Order ,C&D RE,,,
20290,121513,NM,FDIC,Highland Community Bank,Chicago,IL,9/15/09,Cease & Desist ,General,,,
22173,1890367,NM,FDIC,Hillcrest Bank,Overland Park,KS,10/21/09,Cease & Desist ,C&D RE,,,
34652,82994,SA,OTS,Home Federal Bank of Hollywood,Hallandale Beach,FL,4/27/09,Supervisory Agreement ,CRE lending,,,
29042,1031684,SL,OTS,Home Federal Savings Bank,Rochester,MN,6/20/08,Cease & Desist ,Insider Activities,,,HMNF 
27417,215393,SA,OTS,"Home Loan Investment Bank, F.S.B.",Warwick,RI,8/18/09,Cease & Desist ,Residential RE,,,
11636,712422,N,OCC,Home National Bank,Blackwell,OK,6/18/08,Formal Agreement ,CRE lending,,,
23181,254798,SM,FRB,Home Valley Bank,Cave Junction,OR,11/25/09,Written Agreement ,CRE lending,,,HVYB.OB 
32489,3207249,SB,FDIC,Homestreet Bank,Seattle,WA,5/8/09,Cease & Desist ,General,,,
34727,250722,N,OCC,"Hometown Bank, National Association",Carthage,MO,12/18/08,Cease & Desist ,CRE lending,,,
35156,27856,N,OCC,Hometown National Bank,Longview,WA,7/29/09,Cease & Desist ,CRE lending,,,
22977,1299986,NM,FDIC,Horizon Bank,Bellingham,WA,3/3/09,Cease & Desist ,C&D RE,,,HRZB 
35061,207827,SM,FRB,Horizon Bank,Bradenton,FL,11/17/09,Written Agreement ,C&D RE,,,HZNB.OB 
57107,102966,NM,FDIC,ISN Bank,Cherry Hill,NJ,12/31/07,Cease & Desist ,General,,,
32456,6318,SA,OTS,Ideal Federal Savings Bank,Baltimore,MD,8/22/08,Cease & Desist ,General,,,
31623,10062,SL,OTS,Imperial Savings and Loan Association,Martinsville,VA,4/30/08,Cease & Desist ,General,Yes ,6/11/08,
57688,360713,NM,FDIC,Independence Bank,Newport Beach,CA,4/24/09,Cease & Desist ,General,,,
31555,166801,SA,OTS,Independence Federal Savings Bank,Washington,DC,8/3/09,Cease & Desist ,General,,,IFSB 
24642,508984,SM,FRB,Independent Banker's Bank of Florida,Lake Mary,FL,10/4/09,Written Agreement ,CRE lending,,,
27344,199281,N,OCC,Independent National Bank,Ocala,FL,11/4/09,Consent Order ,CRE lending,,,IBFL.OB 
23876,252575,NM,FDIC,Innovative Bank,Oakland,CA,4/26/07,Cease & Desist ,C&I lending,,,
4392,3251530,N,OCC,Integra Bank National Association,Evansville,IN,5/20/09,Formal Agreement ,General,,,IBNK 
25879,2173827,N,OCC,Inter National Bank,McAllen,TX,9/21/09,Formal Agreement ,C&D RE,,,
31495,754422,SA,OTS,"Inter Savings Bank, fsb D/B/A Interbank, fsb",Maple Grove,MN,6/19/09,Cease & Desist ,General,,,
25258,326449,N,OCC,"Intercredit Bank, National Association",Miami,FL,4/26/07,Formal Agreement ,General,,,
25648,213828,N,OCC,"International City Bank, National Association",Long Beach,CA,2/12/09,Cease & Desist ,CRE lending,,,ILCY.PK 
34196,345254,NM,FDIC,Jefferson Bank,Dallas,TX,10/27/09,Cease & Desist ,C&D RE,,,
31263,658940,NM,FDIC,K Bank,Randallstown,MD,4/1/09,Cease & Desist ,General,,,
9793,145238,SM,FRB,KCB Bank,Kearney,MO,7/14/08,Written Agreement ,CRE lending,,,
27877,37541,SL,OTS,Kentucky Federal Savings and Loan Association,Covington,KY,8/19/08,Supervisory Agreement ,CRE lending,,,
34684,99859,SA,OTS,Key West Bank,Key West,FL,11/12/09,Cease & Desist ,C&D RE,,,
32423,3846895,SA,OTS,"La Jolla Bank, FSB",La Jolla,CA,9/9/09,Cease & Desist ,C&D RE,,,
35476,127637,NM,FDIC,Lafayette Community Bank,Lafayette,IN,2/16/07,Cease & Desist ,General,,,LFYC.PK 
8193,152753,NM,FDIC,Lake Community Bank,Long Lake,MN,8/27/08,Cease & Desist ,General,,,
34878,65700,NM,FDIC,Lakeside Community Bank,Sterling Heights,MI,11/18/09,Consent Order ,C&D RE,,,MCBP.PK 
35244,342708,SM,FRB,LandMark Bank of Florida,Sarasota,FL,11/10/09,Written Agreement ,CRE lending,,,
10161,105991,N,OCC,"Landmark Community Bank, National Association",Isanti,MN,6/26/08,Formal Agreement ,General,,,
57820,193676,NM,FDIC,Legacy Bank,Scottsdale,AZ,11/16/09,Cease & Desist ,C&D RE,,,
57953,238955,N,OCC,Legacy National Bank,Springdale,AR,4/24/08,Formal Agreement ,General,,,
18843,1727745,SM,FRB,LegacyTexas Bank,Plano,TX,8/27/09,Written Agreement ,General,,,
30890,4779801,SA,OTS,"Lehman Brothers Bank, FSB",Wilmington,DE,1/26/09,Cease & Desist ,General,Yes ,2/4/09,
58082,45019,SB,FDIC,Libertad Bank SSB,Austin,TX,8/15/08,Cease & Desist ,C&D RE,,,
58135,154122,SA,OTS,Liberty Bank,Naples,FL,10/14/09,Cease & Desist ,CRE lending,,,
26816,16611,NM,FDIC,"Liberty Bank, Inc.",Salt Lake City,UT,5/26/09,Cease & Desist ,General,,,
32242,1400375,SA,OTS,"Liberty Savings Bank, F.S.B.",Wilmington,OH,10/19/09,Cease & Desist ,General,,,
29247,33612,SA,OTS,"Liberty Savings Bank, F.S.B.",Pottsville,PA,6/5/09,Supervisory Agreement ,General,,,LBCB.PK 
58071,211712,NM,FDIC,LibertyPointe Bank,New York,NY,7/16/09,Cease & Desist ,CRE lending,Yes ,10/20/09,
29692,368279,SA,OTS,Lincoln FSB of Nebraska,Lincoln,NE,10/6/09,Cease & Desist ,General,,,
30600,215350,SB,FDIC,Lincoln Park Savings Bank,Chicago,IL,10/6/09,Cease & Desist ,C&D RE,,,
32165,1055803,SA,OTS,Los Padres Bank,Solvang,CA,10/14/09,Cease & Desist ,CRE lending,,,HWFG.OB 
34093,276685,NM,FDIC,MBank,Gresham,OR,7/1/09,Cease & Desist ,General,,,MBNC.OB 
28136,104033,SA,OTS,"Mainstreet Savings Bank, FSB",Hastings,MI,5/29/09,Cease & Desist ,General,Yes ,12/31/09,MSFN.OB 
57581,61360,NM,FDIC,Maple Bank,Champlin,MN,9/23/09,Cease & Desist ,CRE lending,,,
32698,841748,N,OCC,Marathon National Bank of New York,New York City,NY,5/22/08,Formal Agreement ,CRE lending,,,
57586,138194,SM,FRB,Marco Community Bank,Marco Island,FL,8/14/07,Written Agreement ,CRE lending,,,MCBN.OB 
28612,380754,SA,OTS,Maritime Savings Bank,West Allis,WI,11/6/09,Cease & Desist ,C&D RE,,,
16133,59852,N,OCC,"Marshall Bank, National Association",Hallock,MN,,Prompt Corrective Action ,,Yes ,9/30/09,
18115,338620,N,OCC,"Maryland Bank and Trust Company, National Association",Lexington Park,MD,2/10/06,Formal Agreement ,General,,,MBKP.PK 
11261,20083,NM,FDIC,McClave State Bank,Mcclave,CO,8/1/08,Cease & Desist ,General,,,
19237,419381,NM,FDIC,McIntosh State Bank,Jackson,GA,10/15/09,Cease & Desist (Media Report) ,C&D RE,,,MITB.PK 
27477,69034,N,OCC,"Merchants Bank of California, National Association",Carson,CA,3/31/09,Formal Agreement ,CRE lending,,,
22644,1784255,N,OCC,"Meridian Bank, National Association",Wickenburg,AZ,6/3/09,Formal Agreement ,C&D RE,,,
34911,211203,NM,FDIC,Mesa Bank,Mesa,AZ,7/8/09,Cease & Desist ,CRE lending,,,CBC 
25172,469984,SM,FRB,Metro Bank of Dade County,Miami,FL,9/8/09,Formal Agreement ,CRE lending,,,
26937,1178801,N,OCC,"Metrobank, National Association",Houston,TX,8/10/09,Formal Agreement ,C&D RE,,,MCBI 
34699,593285,N,OCC,Metropolitan National Bank,New York,NY,7/23/09,Formal Agreement ,General,,,
20280,1533271,N,OCC,Metropolitan National Bank,Little Rock,AR,5/22/08,Formal Agreement ,General,,,
33134,1210971,NM,FDIC,Michigan Commerce Bank,Ann Arbor,MI,4/20/09,Written Agreement ,General,,,CBC 
1624,99174,SM,FRB,Mid America Bank and Trust Company,Dixon,MO,6/8/07,Written Agreement ,C&I lending,,,
19397,222468,NM,FDIC,"Mid City Bank, Inc.",Omaha,NE,11/20/09,Consent Order ,General,,,
18117,3534404,SM,FRB,Midwest Bank and Trust Company,Elmwood Park,IL,12/30/09,Written Agreement ,C&D RE,,,MBHI 
10925,105134,NM,FDIC,Midwest Community Bank,Plainville,KS,2/25/09,Cease & Desist ,CRE lending,,,
25849,319944,SM,FRB,Midwest Independent Bank,Jefferson City,MO,9/3/09,Written Agreement ,General,,,
35280,807841,N,OCC,"Millennium BCP Bank, National Association",Newark,NJ,7/9/09,Cease & Desist ,General,,,
35096,254473,N,OCC,"Millennium Bank, National Association",Reston,VA,1/24/08,Formal Agreement ,General,,,MBVA.OB 
13809,100349,N,OCC,Minnstar Bank National Association,Lake Crystal,MN,2/25/09,Formal Agreement ,General,,,
57021,206158,N,OCC,Mission Oaks National Bank,Temecula,CA,12/18/08,Formal Agreement ,C&D RE,,,MOKB.OB 
22398,601800,N,OCC,"Modern Bank, National Association",New York,NY,10/27/09,Formal Agreement ,General,,,
19498,262333,NM,FDIC,Montgomery Bank & Trust,Ailey,GA,10/6/09,Cease & Desist ,C&D RE,,,
57637,62627,NM,FDIC,Mother Lode Bank,Sonora,CA,8/28/09,Cease & Desist ,General,,,MOLB.OB 
57593,122384,NM,FDIC,Mountain Heritage Bank,Clayton,GA,6/17/09,Cease & Desist ,CRE lending,,,
34789,648979,N,OCC,Mountain National Bank,Sevierville,TN,6/2/09,Formal Agreement ,CRE lending,,,MNBT.OB 
58341,123312,NM,FDIC,Mountain Pacific Bank,Everett,WA,3/5/09,Cease & Desist ,C&D RE,,,
33314,864159,N,OCC,"Mountain West Bank, National Association",Helena,MT,1/15/09,Formal Agreement ,CRE lending,,,MTWF.PK 
26552,501133,SB,FDIC,Mt. Washington Co-operative Bank,South Boston,MA,7/14/09,Cease & Desist ,General,,,
23331,199259,N,OCC,National Bank of Arkansas in North Little Rock,North Little Rock,AR,3/30/09,Formal Agreement ,CRE lending,,,
24108,418196,N,OCC,National Bank of California,Los Angeles,CA,8/31/09,Formal Agreement ,General,,,NCAL.OB 
35014,711767,N,OCC,National Bank of Kansas City,Overland Park,KS,5/20/08,Formal Agreement ,General,,,
27026,103871,N,OCC,"Native American Bank, National Association",Denver,CO,8/18/08,Formal Agreement ,General,,,
57331,26986,SM,FRB,Nebraska Bankers' Bank,Lincoln,NE,9/3/09,Written Agreement ,General,,,
22669,94018,NM,FDIC,Nevada Bank and Trust Company,Caliente,NV,1/24/08,Cease & Desist ,RE,,,
35418,223628,NM,FDIC,Nevada Commerce Bank,Las Vegas,NV,11/20/09,Consent Order ,General,,,
57110,538144,NM,FDIC,Nevada Security Bank,Reno,NV,6/29/09,Cease & Desist ,General,,,TBHS.PK 
35586,112500,NM,FDIC,New Liberty Bank,Plymouth,MI,6/17/09,Cease & Desist ,CRE lending,,,
58329,165635,NM,FDIC,New Resource Bank,San Francisco,CA,4/28/09,Cease & Desist ,General,,,NWBN.OB 
29209,568880,SB,FDIC,NexBank,Dallas,TX,8/19/09,Cease & Desist ,CRE lending,,,
19794,1051824,NM,FDIC,Nexity Bank,Birmingham,AL,3/20/09,Cease & Desist ,CRE lending,,,NXTY.PK 
35053,362211,NM,FDIC,North County Bank,Arlington,WA,8/18/09,Cease & Desist ,C&D RE,,,
35242,183778,NM,FDIC,North Georgia Bank,Watkinsville,GA,7/14/09,Cease & Desist (Media Report) ,,,,
20959,910266,SM,FRB,North Valley Bank,Redding,CA,1/8/10,Written Agreement ,C&D RE,,,NOVB 
2284,135425,SM,FRB,North Valley Bank,Zanesville,OH,3/15/07,Written Agreement ,General,,,
34983,46054,NM,FDIC,Northern Star Bank,Mankato,MN,7/24/09,Cease & Desist ,CRE lending,,,NSBK.OB 
26890,64305,N,OCC,Northland National Bank,Gladstone,MO,6/6/08,Cease & Desist ,General,,,
34953,282301,NM,FDIC,Northpointe Bank,Grand Rapids,MI,10/1/08,Cease & Desist ,General,,,
57994,135803,NM,FDIC,Northside Bank,Adairsville,GA,7/9/09,Cease & Desist ,CRE lending,,,
9246,586256,NM,FDIC,Northwest Georgia Bank,Ringgold,GA,11/20/09,Consent Order ,C&D RE,,,
58550,16628,NM,FDIC,Nuestro Banco,Raleigh,NC,3/11/09,Cease & Desist ,General,,,
58342,63992,SB,FDIC,"Oasis Bank, SSB",Houston,TX,10/9/09,Cease & Desist ,General,,,
24156,4197979,NM,FDIC,Ocean Bank,Miami,FL,5/7/08,Cease & Desist ,C&D RE,,,
18143,291229,NM,FDIC,Oconee State Bank,Watkinsville,GA,8/18/09,Cease & Desist ,C&D RE,,,
58321,74397,NM,FDIC,Ohana Pacific Bank,Honolulu,HI,10/22/09,Cease & Desist ,CRE lending,,,OHPB.OB 
35385,173949,N,OCC,"Ohio Legacy Bank, National Association",Wooster,OH,2/17/09,Cease & Desist ,General,,,OLCB 
58182,383632,SM,FRB,Old Southern Bank,Orlando,FL,9/23/09,Written Agreement ,CRE lending,,,
28864,173109,SA,OTS,Olde Cypress Community Bank,Clewiston,FL,10/9/09,Supervisory Agreement ,CRE lending,,,
34171,63082,N,OCC,Olmsted National Bank,Rochester,MN,12/21/07,Formal Agreement ,General,,,
23966,561679,NM,FDIC,OneUnited Bank,Boston,MA,10/27/08,Cease & Desist ,General,,,
9719,347955,NM,FDIC,Oxford Bank,Oxford,MI,5/15/08,Cease & Desist ,General,,,OXBC.OB 
57740,188515,NM,FDIC,Pacific Valley Bank,Salinas,CA,11/24/09,Consent Order ,General,,,PVBK.OB 
23632,268453,N,OCC,Palm Desert National Bank,Palm Desert,CA,10/9/08,Supervisory Agreement ,CRE lending,,,
17599,525238,NM,FDIC,Palos Bank and Trust Company,Palos Heights,IL,10/2/09,Cease & Desist ,C&D RE,,,
20448,40954,NM,FDIC,Pan American Bank,Los Angeles,CA,8/20/08,Cease & Desist ,General,,,PAMB.PK 
9772,30244,NM,FDIC,Paragon Bank,Wells,MN,1/26/09,Cease & Desist ,CRE lending,,,
33126,102698,NM,FDIC,Paragon Bank & Trust,Holland,MI,11/10/09,Cease & Desist ,CRE lending,,,CBC 
57874,300634,N,OCC,Paragon National Bank,Memphis,TN,9/12/08,Formal Agreement ,CRE lending,,,PGNN.OB 
34673,280805,SM,FRB,Paramount Bank,Farmington Hills,MI,11/6/08,Cease & Desist ,General,,,
19381,95156,NM,FDIC,Park State Bank & Trust,Woodland Park,CO,6/22/09,Cease & Desist ,CRE lending,,,
28235,885927,SA,OTS,Park View Federal Savings Bank,Solon,OH,10/19/09,Cease & Desist ,General,,,PVFC 
20160,116659,NM,FDIC,Parkway Bank,Rogers,AR,8/5/08,Cease & Desist ,General,,,
33928,937000,N,OCC,Patriot National Bank,Stamford,CT,2/9/09,Formal Agreement ,C&D RE,,,PNBK 
26563,646229,NM,FDIC,Peninsula Bank,Englewood,FL,11/20/09,Consent Agreement ,C&D RE,,,
8129,83903,NM,FDIC,Peoples Bank & Trust Company,Owenton,KY,9/30/09,Cease & Desist ,PLMBS,,,
58172,32127,NM,FDIC,Peoples Bank and Trust Company of Clinton County,Albany,KY,10/22/09,Cease & Desist ,General,,,
57686,72046,N,OCC,Peoples Community National Bank,Bremen,GA,9/15/09,Cease & Desist ,CRE lending,,,
22211,182728,N,OCC,Peoples National Bank,Colorado Springs,CO,8/27/09,Cease & Desist ,CRE lending,,,
14939,474295,NM,FDIC,Peoples State Bank,Hamtramck,MI,9/18/09,Cease & Desist ,General,,,PSBG.OB 
10888,141523,NM,FDIC,Peotone Bank and Trust Company,Peotone,IL,10/9/09,Cease & Desist ,General,,,
29995,380991,SA,OTS,Phoenixville Federal Bank and Trust,Phoenixville,PA,12/8/09,Supervisory Agreement ,General,,,
57256,263937,NM,FDIC,Piedmont Community Bank,Gray,GA,11/24/09,Consent Order ,C&D RE,,,PCBN.OB 
34411,266840,SM,FRB,Pierce Commercial Bank,Tacoma,WA,12/7/09,Cease & Desist ,Residential RE,,,
17782,84978,N,OCC,Pikes Peak National Bank,Colorado Springs,CO,2/27/09,Formal Agreement ,General,,,
32503,676849,SA,OTS,Plantation Federal Bank,Pawleys Island,SC,4/30/09,Supervisory Agreement ,C&D RE,,,
58100,158816,NM,FDIC,Plaza Bank,Irvine,CA,4/29/09,Cease & Desist ,General,,,PLZB.OB 
14194,130264,NM,FDIC,Polk County Bank,Johnston,IA,10/27/08,Cease & Desist ,CRE lending,,,
57147,350874,NM,FDIC,Premier American Bank,Miami,FL,5/18/09,Cease & Desist ,CRE lending,,,
34112,80099,SM,FRB,Premier Bank,Denver,CO,8/23/07,Written Agreement ,C&I lending,,,
57920,141564,NM,FDIC,Prime Alliance Bank,Woods Cross,UT,6/23/09,Cease & Desist ,General,,,
34022,183230,N,OCC,"Prime Pacific Bank, National Association",Lynnwood,WA,8/31/09,Cease & Desist ,CRE lending,,,PPFS.OB 
57148,311795,NM,FDIC,Professional Business Bank,Pasadena,CA,8/24/09,Cease & Desist ,General,,,
1905,333869,SM,FRB,"Profinium Financial, Inc.",Truman,MN,7/14/09,Written Agreement ,General,,,
14485,91014,NM,FDIC,Prosper Bank,Prosper,TX,6/9/09,Cease & Desist ,CRE lending,,,
58189,126535,NM,FDIC,Providence Bank,Alpharetta,GA,8/18/09,Cease & Desist ,CRE lending,,,
9425,24999,NM,FDIC,Quality Bank,Fingal,ND,2/7/08,Cease & Desist ,General,,,
32185,6398964,NM,FDIC,R-G Premier Bank of Puerto Rico,Hato Rey,PR,10/23/09,Cease & Desist ,CRE lending,,,RGFC.PK 
38129,763872,SB,FDIC,Rainier Pacific Bank,Tacoma,WA,9/30/09,Cease & Desist ,General,Yes ,9/8/09,RPFG 
34231,327513,NM,FDIC,Ravenswood Bank,Chicago,IL,7/15/09,Cease & Desist ,MBS Securities,,,
57764,368311,N,OCC,"Red Mountain Bank, National Association",Birmingham,AL,3/27/09,Formal Agreement ,CRE lending,,,
57236,155444,NM,FDIC,Regal Financial Bank,Seattle,WA,9/3/09,Cease & Desist ,C&D RE,,,
29323,90112,SA,OTS,Ripley Federal Savings Bank,Ripley,OH,1/21/09,Cease & Desist ,General,,,
24067,3464493,N,OCC,Riverside National Bank of Florida,Fort Pierce,FL,11/10/09,Consent Order ,General,,,
3019,202451,NM,FDIC,Rocky Mountain Bank & Trust Florence,Florence,CO,4/2/09,Cease & Desist ,CRE lending,,,
31419,172344,SA,OTS,Roebling Bank,Roebling,NJ,6/17/09,Supervisory Agreement ,CRE lending,,,RBLG.OB 
24099,40711,N,OCC,Rosemount National Bank,Rosemount,MN,2/20/09,Formal Agreement ,General,,,
18962,1273397,NM,FDIC,Royal Bank America,Narberth,PA,7/15/09,Cease & Desist ,CRE lending,,,RBPAA 
33435,829245,NM,FDIC,Saehan Bank,Los Angeles,CA,12/7/09,Consent Order (Press Release) ,General,,,SAEB.OB 
34783,403277,SA,OTS,"San Luis Trust Bank, FSB",San Luis Obispo,CA,11/2/09,Cease & Desist ,Residential RE,,,SNLS.OB 
35114,158243,NM,FDIC,Satilla Community Bank,Saint Marys,GA,6/30/09,Cease & Desist ,C&D RE,,,
19686,915810,SA,OTS,Savings Bank of Maine,Gardiner,ME,8/20/09,Cease & Desist ,General,,,
58641,61177,NM,FDIC,Savoy Bank,New York,NY,6/8/09,Cease & Desist ,General,,,
131,2138127,N,OCC,Seacoast National Bank,Stuart,FL,12/16/08,Formal Agreement ,CRE lending,,,SBCF 
35139,677150,SB,FDIC,Seattle Bank,Seattle,WA,6/8/09,Cease & Desist ,General,,,
27986,249655,SA,OTS,Second Federal Savings and Loan Association of Chicago,Chicago,IL,3/23/09,Cease & Desist ,General,,,
10015,76826,NM,FDIC,Security Bank,New Auburn,WI,7/8/09,Cease & Desist ,General,,,
23156,179030,N,OCC,"Security Bank, National Association",North Lauderdale,FL,4/3/08,Formal Agreement ,General,,,
35299,191239,NM,FDIC,Security Exchange Bank,Marietta,GA,3/10/09,Cease & Desist ,CRE lending,,,
14222,338810,SM,FRB,Security Financial Bank,Durand,WI,9/17/09,Formal Agreement ,General,,,
30898,570109,SA,OTS,"Security Savings Bank, F.S.B.",Olathe,KS,8/7/09,Cease & Desist ,CRE lending,,,
10201,69924,NM,FDIC,Security State Bank of Lewiston,Lewiston,MN,8/20/09,Cease & Desist ,General,,,
34127,107236,NM,FDIC,Select Bank,Grand Rapids,MI,8/28/08,Cease & Desist ,General,,,
32367,990478,SA,OTS,"Severn Savings Bank, FSB",Annapolis,MD,11/23/09,Supervisory Agreement ,C&D RE,,,SVBI 
15640,2545897,NM,FDIC,ShoreBank,Chicago,IL,7/14/09,Cease & Desist ,RE Lending,,,
57835,91292,NM,FDIC,Signature Bank,Windsor,CO,10/22/09,Cease & Desist ,C&D RE,,,
33109,259289,SA,OTS,"SouthBank, a Federal Savings Bank",Corinth,MS,5/21/09,Cease & Desist ,General,,,
34289,465725,NM,FDIC,Southport Bank,Kenosha,WI,10/2/09,Cease & Desist ,General,,,
17522,24742,NM,FDIC,St. Stephen State Bank,Saint Stephen,MN,7/14/09,Cease & Desist ,General,,,
27506,72208,N,OCC,Standing Stone National Bank,Lancaster,OH,6/10/08,Formal Agreement ,General,,,SDGB.PK 
8221,28171,NM,FDIC,State Bank of Aurora,Aurora,MN,3/19/09,Cease & Desist ,C&D RE,,,
10198,95230,NM,FDIC,State Bank of Delano,Delano,MN,7/24/09,Cease & Desist ,CRE lending,,,
1406,104523,NM,FDIC,State Bank of Park Rapids,Park Rapids,MN,11/19/08,Cease & Desist ,General,,,
29561,253929,NM,FDIC,Statewide Bank,Covington,LA,3/25/09,Cease & Desist ,C&D RE,,,
33211,390731,SM,FRB,Sterling Bank,Mount Laurel,NJ,8/6/09,Written Agreement ,General,,,STBK 
32536,371541,SM,FRB,Sterling Bank,Lantana,FL,6/10/09,Written Agreement ,CRE lending,,,
32232,753785,SA,OTS,"Sterling Bank and Trust, FSB",Southfield,MI,8/4/09,Cease & Desist ,General,,,
32158,11320279,NM,FDIC,Sterling Savings Bank,Spokane,WA,10/9/09,Cease & Desist ,CRE lending,,,STSA 
24858,86625,N,OCC,Stone County National Bank,Crane,MO,6/25/09,Formal Agreement ,General,,,
27126,555134,SM,FRB,Sun American Bank,Boca Raton,FL,2/3/09,Written Agreement ,CRE lending,Yes ,1/4/10,SAMB.PK 
20115,406389,NM,FDIC,Sun Security Bank,Ellington,MO,4/30/08,Cease & Desist ,C&D RE,,,
57087,238019,NM,FDIC,SunFirst Bank,Saint George,UT,10/8/09,Cease & Desist ,General,,,
28805,107853,SL,OTS,Sunnyside FS&LA of Irvington,Irvington,NY,8/21/09,Cease & Desist ,General,,,
58029,138368,SM,FRB,Sunrise Bank,Cocoa Beach,FL,7/29/09,Written Agreement ,General,,,
35428,80436,NM,FDIC,Sunrise Bank of Albuquerque,Albuquerque,NM,9/29/09,Cease & Desist ,C&D RE,,,
35478,155131,NM,FDIC,Sunshine State Community Bank,Port Orange,FL,9/21/09,Cease & Desist ,C&D RE,,,
33493,694241,NM,FDIC,Tamalpais Bank,San Rafael,CA,9/15/09,Cease & Desist ,CRE lending,,,TAMB 
20720,765709,SM,FRB,Tennessee State Bank,Pigeon Forge,TN,9/10/09,Formal Agreement ,General,,,
26442,273557,N,OCC,"Terrabank, National Association",Miami,FL,12/17/05,Cease & Desist ,General,,,
3302,122425,N,OCC,"Texana Bank, N.A.",Linden,TX,4/29/09,Formal Agreement ,PLMBS,,,
57431,497561,N,OCC,"Texas Community Bank, National Association",The Woodlands,TX,5/7/09,Formal Agreement ,CRE lending,,,
3337,70061,N,OCC,Texas National Bank,Mercedes,TX,1/8/08,Formal Agreement ,General,,,
3400,32760,N,OCC,"Texas Republic Bank, National Association",Frisco,TX,8/14/08,Formal Agreement ,General,,,
11475,64890,NM,FDIC,Thayer County Bank,Hebron,NE,10/21/09,Cease & Desist ,C&D RE,,,
5283,112827,N,OCC,The American National Bank of Beaver Dam,Beaver Dam,WI,6/12/08,Written Agreement ,General,,,
14246,244670,NM,FDIC,The Bank of Bonifay,Bonifay,FL,3/23/09,Cease & Desist ,CRE lending,,,
34292,221002,NM,FDIC,The Bank of Commerce,Wood Dale,IL,5/27/09,Cease & Desist ,CRE lending,,,
35259,441700,NM,FDIC,The Bank of Georgia,Peachtree City,GA,6/30/09,Cease & Desist ,C&D RE,,,
14200,132490,NM,FDIC,The Bank of Harlan,Harlan,KY,10/2/08,Cease & Desist ,General,,,
19040,608276,N,OCC,"The Bank of Miami, National Association",Coral Gables,FL,2/18/09,Cease & Desist ,General,,,
34214,196653,NM,FDIC,The Bank of Washington,Lynnwood,WA,11/18/09,Consent Order ,C&D RE,,,
13959,6304,NM,FDIC,The Citizens Bank of Weir,Weir,KS,12/3/07,Cease & Desist ,General,,,
2521,302161,N,OCC,The Citizens National Bank,Putnam,CT,6/9/09,Formal Agreement ,C&D RE,,,CTZR.OB 
26396,360225,SB,FDIC,"The Community Bank, A Massachusetts Cooperative Bank",Brockton,MA,6/29/09,Cease & Desist ,General,,,
10672,95799,NM,FDIC,The Exchange Bank,Skiatook,OK,11/5/09,Cease & Desist ,C&D RE,,,
18794,17934,NM,FDIC,The Farmers Bank,Lincoln,NE,3/13/09,Cease & Desist ,General,,,
3934,32374,N,OCC,The Farmers and Merchants National Bank of Hatton,Hatton,ND,5/11/09,Formal Agreement ,CRE lending,,,
12700,92554,NM,FDIC,The Felton Bank,Felton,DE,10/27/09,Cease & Desist ,C&D RE,,,SHBI 
14583,235098,N,OCC,The First National Bank & Trust Company of Rochelle,Rochelle,IL,11/17/09,Formal Agreement ,General,,,
2119,145207,N,OCC,The First National Bank of Barnesville,Barnesville,GA,6/9/09,Formal Agreement ,C&D RE,,,
22092,142271,N,OCC,The First National Bank of Chatsworth,Chatsworth,GA,9/17/09,Formal Agreement ,CRE lending,,,
5136,400565,N,OCC,The First National Bank of Elk River,Elk River,MN,7/14/09,Formal Agreement ,General,,,
4457,31525,N,OCC,The First National Bank of Farragut,Shenandoah,IA,7/25/08,Formal Agreement ,CRE lending,,,
25155,392107,N,OCC,The First National Bank of Florida,Milton,FL,3/5/09,Cease & Desist ,C&D RE,,,
2595,271697,N,OCC,The First National Bank of Ipswich,Ipswich,MA,6/28/06,Formal Agreement ,General,,,FIWC.OB 
4476,28585,N,OCC,The First National Bank of Logan,Logan,IA,7/2/08,Cease & Desist ,General,,,
4744,929707,N,OCC,The First National Bank of Olathe,Olathe,KS,9/25/08,Supervisory Agreement ,CRE lending,,,
5558,146041,N,OCC,The First National Bank of Trenton,Trenton,TX,7/10/08,Formal Agreement ,C&D RE,,,
5485,102872,N,OCC,The First National Bank of Valentine,Valentine,NE,12/1/08,Cease & Desist ,CRE lending,,,
5489,36631,N,OCC,The First National Bank of Wayne,Wayne,NE,10/16/08,Supervisory Agreement ,CRE lending,,,
3897,274918,N,OCC,The First National Bank of Wynne,Wynne,AR,10/6/09,Formal Agreement ,PLMBS,,,
15794,37429,NM,FDIC,The First State Bank of Burlingame,Burlingame,KS,12/22/08,Cease & Desist ,General,,,
33904,33969,NM,FDIC,The Gordon Bank,Gordon,GA,5/11/09,Cease & Desist ,CRE lending,,,
16370,138149,NM,FDIC,The Hicksville Bank,Hicksville,OH,6/10/09,Cease & Desist ,General,,,EBSH.PK 
28114,2465264,SB,FDIC,The Home Savings and Loan Company of Youngstown,Youngstown,OH,8/12/08,Cease & Desist ,C&D RE,,,UCFC 
27328,153972,NM,FDIC,The Ohio State Bank,Marion,OH,8/7/09,Cease & Desist ,CRE lending,,,
27096,548071,NM,FDIC,The Park Avenue Bank,New York,NY,2/11/09,Cease & Desist ,C&D RE,,,
19797,1249760,SM,FRB,The Park Avenue Bank,Valdosta,GA,,Written Agreement ,General,,,PABK 
10216,497935,NM,FDIC,The Riverbank,Wyoming,MN,3/11/09,Cease & Desist ,C&D RE,,,
57096,149213,NM,FDIC,The Royal Palm Bank of Florida,Naples,FL,5/20/09,Cease & Desist ,CRE lending,,,MBR 
32606,106065,N,OCC,The University National Bank of Lawrence,Lawrence,KS,5/27/09,Formal Agreement ,CRE lending,,,
10506,38201,SM,FRB,Thunder Bank,Sylvan Grove,KS,3/20/09,Written Agreement ,General,,,
29341,2938028,SA,OTS,TierOne Bank,Lincoln,NE,1/15/09,Supervisory Agreement ,CRE lending,,,TONE 
30516,73889,SB,FDIC,Tomahawk Community Bank S.S.B.,Tomahawk,WI,11/6/09,Consent Order ,General,,,
57577,1088750,NM,FDIC,Torrey Pines Bank,San Diego,CA,11/16/09,Consent Order ,General,,,WAL 
57303,90988,NM,FDIC,Town & Country Bank,Leawood,KS,5/29/09,Cease & Desist ,CRE lending,,,
57826,45406,NM,FDIC,Town Center Bank,Coppell,TX,12/2/08,Cease & Desist ,CRE lending,,,
57697,126727,NM,FDIC,Towne Bank of Airzona,Mesa,AZ,3/28/08,Cease & Desist ,C&D RE,,,TWNE.OB 
23032,406867,SM,FRB,Tradition Bank - Bellaire,Houston,TX,6/4/09,Written Agreement ,General,,,
34781,531973,NM,FDIC,"Transportation Alliance Bank, Inc.",Ogden,UT,12/23/08,Cease & Desist ,Intercompany Transactions,,,
58454,97740,NM,FDIC,Treasure State Bank,Missoula,MT,12/29/09,Consent Order (Media Report) ,General,,,TRSU.OB 
35261,42107,NM,FDIC,Twin City Bank,Longview,WA,8/28/09,Cease & Desist ,General,,,
58072,225155,NM,FDIC,USA Bank,Port Chester,NY,10/22/07,Cease & Desist ,General,,,USBK.OB 
19582,665435,NM,FDIC,Union Bank,Kansas City,MO,10/5/09,Cease & Desist ,C&D RE,,,
57189,234696,SA,OTS,Union Federal Savings Bank,North Providence,RI,7/2/09,Cease & Desist ,General,,,
7635,499300,N,OCC,Union National Community Bank,Lancaster,PA,8/27/09,Formal Agreement (8-K) ,General,,,UNNF.OB 
15608,760605,NM,FDIC,United Bank & Trust Company,Versailles,KY,11/18/09,Cease & Desist ,CRE lending,,,FFKT 
18772,69556,N,OCC,"United Bank, National Association",Absarokee,MT,3/7/08,Formal Agreement ,General,,,
34665,130108,N,OCC,"United Community Bank, National Association",Highland Village,TX,6/11/09,Formal Agreement ,CRE lending,,,
57120,214693,NM,FDIC,Uniti Bank,Buena Park,CA,1/30/09,Cease & Desist ,General,,,UIFC.OB 
34678,297870,N,OCC,Unity National Bank,Cartersville,GA,2/3/09,Formal Agreement ,C&D RE,,,
14587,125574,NM,FDIC,University Bank,Ann Arbor,MI,2/12/09,Cease & Desist ,General,,,UNIB.PK 
34985,114393,N,OCC,University National Bank,Pittsburg,KS,1/23/09,Formal Agreement ,C&D RE,,,
35323,49662,NM,FDIC,Utah Community Bank,Sandy,UT,7/16/09,Cease & Desist ,General,,,
24465,39737,N,OCC,Uvalde National Bank,Uvalde,TX,2/4/09,Formal Agreement ,General,,,
21793,138088,NM,FDIC,Valley Bank,Fort Lauderdale,FL,9/18/09,Cease & Desist ,CRE lending,,,
10450,659031,NM,FDIC,Valley Bank,Moline,IL,9/15/09,Cease & Desist ,General,,,
25651,239195,NM,FDIC,Valley Bank and Trust,Brighton,CO,6/1/09,Cease & Desist ,CRE lending,,,
19245,323441,N,OCC,Valley National Bank,Espanola,NM,6/2/09,Formal Agreement ,General,,,
57441,104437,NM,FDIC,Ventura County Business Bank,Oxnard,CA,8/5/09,Cease & Desist ,General,,,VCBB.OB 
33618,632098,NM,FDIC,Viking Bank,Seattle,WA,11/4/09,Consent Order ,C&D RE,,,
58283,154736,SM,FRB,Virginia Business Bank,Richmond,VA,8/25/09,Written Agreement ,CRE lending,,,
58478,90260,SM,FRB,VisionBank of Iowa,West Des Moines,IA,10/27/09,Written Agreement ,General,,,
32955,617966,NM,FDIC,Washington First International Bank,Seattle,WA,9/1/09,Cease & Desist ,C&D RE,,,
22430,210810,NM,FDIC,Washita State Bank,Burns Flat,OK,9/18/09,Cease & Desist (Charges) ,PLMBS,Yes ,9/18/09,
28513,1900933,SB,FDIC,"WaterStone Bank, SSB",Wauwatosa,WI,11/25/09,Consent Order (8-K) ,Residential RE,,,WSBF 
34976,196517,SA,OTS,Waterfield Bank,Germantown,MD,10/1/09,Cease & Desist ,General,,,
2345,2649223,NM,FDIC,West Coast Bank,Lake Oswego,OR,10/22/09,Cease & Desist ,General,,,WCBO 
22308,152045,MI,FDIC,West Michigan Community Bank,Hudsonville,MI,2/19/09,Cease & Desist ,General,,,FETM.OB 
58205,111205,NM,FDIC,Westbridge Bank and Trust,Chesterfield,MO,1/23/09,Cease & Desist ,General,,,
58087,119667,NM,FDIC,Western Commercial Bank,Woodland Hills,CA,9/18/09,Cease & Desist ,General,,,WCBH.OB 
33542,120371,NM,FDIC,Western Community Bank,Orem,UT,8/24/09,Cease & Desist ,General,,,
57917,258762,N,OCC,Western National Bank,Phoenix,AZ,7/15/09,Formal Agreement ,CRE lending,,,
10086,240366,N,OCC,Western Springs National Bank and Trust,Western Springs,IL,11/19/09,Consent Order ,CRE lending,,,
31027,13486847,NM,FDIC,Westernbank Puerto Rico,Mayaguez,PR,5/22/09,Cease & Desist ,General,,,WHI 
58429,480608,NM,FDIC,Wheatland Bank,Naperville,IL,12/31/09,Consent Order ,C&D RE,,,
10168,150288,NM,FDIC,White Rock Bank,Cannon Falls,MN,7/22/09,Cease & Desist (Media Report) ,,,,
17837,139797,N,OCC,Williamsburg First National Bank,Kingstree,SC,10/14/09,Formal Agreement ,General,,,
32571,375419,SA,OTS,Woodlands Bank,Bluffton,SC,7/16/09,Cease & Desist ,C&D RE,,,
58009,3542900,NM,FDIC,Woodlands Commercial Bank,Salt Lake City,UT,2/4/09,Cease & Desist ,General,,,
